recv_ts,t_ms,avg_bpm,last_bpm,beats,ir,finger
2026-07-23T21:09:40,1781330,68,1.2,0,140443,1
2026-07-23T21:09:40,1784344,68,1.2,0,139968,1
2026-07-23T21:09:40,1787358,68,1.2,0,133068,1
2026-07-23T21:09:40,1790372,68,3.9,1,134977,1
2026-07-23T21:09:40,1793385,68,3.9,0,134088,1
2026-07-23T21:09:40,1796399,68,7.3,1,137998,1
2026-07-23T21:09:40,1799414,65,36.9,2,138271,1
2026-07-23T21:09:40,1802427,46,64.9,3,138398,1
2026-07-23T21:09:40,1805441,85,93.2,2,137351,1
2026-07-23T21:09:40,1808456,85,93.2,0,138832,1
2026-07-23T21:09:40,1811469,85,93.2,0,140413,1
2026-07-23T21:09:40,1814484,85,93.2,0,132073,1
2026-07-23T21:09:40,1817496,85,4.5,1,139617,1
2026-07-23T21:09:40,1820510,88,69.4,1,138140,1
2026-07-23T21:09:40,1823525,88,69.4,0,139614,1
2026-07-23T21:09:40,1826538,83,43.9,2,135184,1
2026-07-23T21:09:40,1829552,56,22.8,1,137072,1
2026-07-23T21:09:40,1832567,70,142.2,3,138126,1
2026-07-23T21:09:40,1835580,70,142.2,0,138004,1
2026-07-23T21:09:40,1838594,70,9.2,1,137881,1
2026-07-23T21:09:40,1841607,70,9.2,0,135368,1
2026-07-23T21:09:40,1844621,70,9.2,0,130897,1
2026-07-23T21:09:40,1847636,70,9.2,0,132309,1
2026-07-23T21:09:40,1850649,70,9.2,0,140155,1
2026-07-23T21:09:40,1853663,70,9.2,0,137752,1
2026-07-23T21:09:40,1856676,70,9.2,0,137560,1
2026-07-23T21:09:40,1859691,70,2.9,1,135810,1
2026-07-23T21:09:40,1862703,72,27.9,1,132748,1
2026-07-23T21:09:40,1865718,72,14.9,1,136355,1
2026-07-23T21:09:40,1868731,72,14.9,0,137733,1
2026-07-23T21:09:40,1871746,72,10.2,1,136139,1
2026-07-23T21:09:40,1874760,65,22.8,1,135396,1
2026-07-23T21:09:41,1877774,65,22.8,0,140288,1
2026-07-23T21:09:41,1880787,65,8.5,1,139629,1
2026-07-23T21:09:41,1883802,44,54.3,3,140051,1
2026-07-23T21:09:41,1886814,61,60.9,2,139584,1
2026-07-23T21:09:41,1889829,77,74.6,4,140004,1
2026-07-23T21:09:41,1892842,75,26.2,1,139985,1
2026-07-23T21:09:41,1895857,44,55.4,2,139923,1
2026-07-23T21:09:41,1898871,59,44.6,3,139741,1
2026-07-23T21:09:41,1901884,53,32.8,1,140034,1
2026-07-23T21:09:41,1904899,53,32.8,0,138757,1
2026-07-23T21:09:41,1907911,53,10.7,1,136894,1
2026-07-23T21:09:41,1910925,53,10.7,0,139709,1
2026-07-23T21:09:41,1913939,53,10.7,0,138913,1
2026-07-23T21:09:41,1916954,53,10.7,0,138387,1
2026-07-23T21:09:41,1919967,103,85.2,5,138768,1
2026-07-23T21:09:41,1922981,102,35.1,2,139104,1
2026-07-23T21:09:41,1925995,55,99.3,3,138987,1
2026-07-23T21:09:41,1929008,68,38.3,3,139394,1
2026-07-23T21:09:41,1932023,55,40.9,3,139615,1
2026-07-23T21:09:41,1935036,71,103.3,1,139184,1
2026-07-23T21:09:41,1938050,71,16.1,1,139141,1
2026-07-23T21:09:41,1941064,60,31.1,1,139217,1
2026-07-23T21:09:41,1944077,60,31.1,0,134456,1
2026-07-23T21:09:41,1947091,60,31.1,0,129652,1
2026-07-23T21:09:41,1950105,60,31.1,0,131068,1
2026-07-23T21:09:41,1953120,60,31.1,0,119302,1
2026-07-23T21:09:41,1956134,60,31.1,0,113992,1
2026-07-23T21:09:41,1959148,60,31.1,0,110646,1
2026-07-23T21:09:41,1962161,60,31.1,0,128940,1
2026-07-23T21:09:41,1965176,60,31.1,0,139824,1
2026-07-23T21:09:41,1968189,60,31.1,0,140259,1
2026-07-23T21:09:41,1971203,60,31.1,0,140014,1
2026-07-23T21:09:41,1974217,59,62.2,2,140488,1
2026-07-23T21:09:41,1977231,45,36.4,2,138364,1
2026-07-23T21:09:41,1980245,41,29.0,2,139655,1
2026-07-23T21:09:41,1983260,65,106.8,3,139754,1
2026-07-23T21:09:41,1986274,64,21.3,1,139370,1
2026-07-23T21:09:41,1989287,57,55.3,1,139458,1
2026-07-23T21:09:41,1992301,57,16.6,1,138258,1
2026-07-23T21:09:41,1995314,31,25.5,2,138946,1
2026-07-23T21:09:41,1998329,40,60.9,1,139346,1
2026-07-23T21:09:41,2001342,40,15.9,1,139367,1
2026-07-23T21:09:41,2004357,55,43.3,3,139413,1
2026-07-23T21:09:41,2007370,49,43.9,3,139608,1
2026-07-23T21:09:41,2010384,49,43.9,0,139544,1
2026-07-23T21:09:41,2013398,49,43.9,0,138298,1
2026-07-23T21:09:42,2016412,49,43.9,0,139177,1
2026-07-23T21:09:42,2019427,49,4.9,1,138129,1
2026-07-23T21:09:42,2022440,45,26.9,1,137814,1
2026-07-23T21:09:42,2025454,45,26.9,0,138272,1
2026-07-23T21:09:42,2028468,45,26.9,0,137887,1
2026-07-23T21:09:42,2031483,45,6.9,1,138767,1
2026-07-23T21:09:42,2034498,54,85.2,3,139237,1
2026-07-23T21:09:42,2037510,54,85.2,0,138892,1
2026-07-23T21:09:42,2040526,55,29.0,2,138585,1
2026-07-23T21:09:42,2043539,62,60.9,1,138860,1
2026-07-23T21:09:42,2046554,60,82.9,3,139365,1
2026-07-23T21:09:42,2049568,56,39.3,2,139050,1
2026-07-23T21:09:42,2052581,48,61.0,2,138672,1
2026-07-23T21:09:42,2055595,74,165.7,3,138967,1
2026-07-23T21:09:42,2058610,86,76.5,2,139551,1
2026-07-23T21:09:42,2061624,54,71.1,3,138861,1
2026-07-23T21:09:42,2064638,57,37.8,2,139681,1
2026-07-23T21:09:42,2067652,51,63.6,2,139767,1
2026-07-23T21:09:42,2070665,72,64.8,3,139180,1
2026-07-23T21:09:42,2073678,73,53.4,3,138872,1
2026-07-23T21:09:42,2076693,65,35.9,1,138993,1
2026-07-23T21:09:42,2079706,35,32.8,2,139078,1
2026-07-23T21:09:42,2082720,33,45.2,1,139061,1
2026-07-23T21:09:42,2085734,43,31.4,3,139280,1
2026-07-23T21:09:42,2088749,67,99.3,2,139432,1
2026-07-23T21:09:42,2091762,68,90.6,3,139321,1
2026-07-23T21:09:42,2094776,70,58.5,3,137789,1
2026-07-23T21:09:42,2097790,47,39.3,2,138944,1
2026-07-23T21:09:42,2100804,50,93.5,2,138674,1
2026-07-23T21:09:42,2103819,55,45.2,2,138518,1
2026-07-23T21:09:42,2106833,42,43.3,2,138792,1
2026-07-23T21:09:42,2109846,37,59.8,2,138639,1
2026-07-23T21:09:42,3004,0,0.0,0,3911,0
2026-07-23T21:09:42,3002,0,0.0,0,684,0
2026-07-23T21:09:42,6012,0,0.0,2,467,0
2026-07-23T21:09:42,9022,0,0.0,0,470,0
2026-07-23T21:09:42,12032,0,0.0,0,475,0
2026-07-23T21:09:42,15042,0,0.0,0,472,0
2026-07-23T21:09:42,18052,0,0.0,0,466,0
2026-07-23T21:09:42,21061,0,0.0,0,472,0
2026-07-23T21:09:42,24071,0,0.0,0,476,0
2026-07-23T21:09:42,27082,0,0.0,1,542,0
2026-07-23T21:09:42,30092,0,0.0,0,535,0
2026-07-23T21:09:42,33100,0,0.0,0,552,0
2026-07-23T21:09:42,36111,0,0.0,0,480,0
2026-07-23T21:09:42,39120,0,0.0,2,481,0
2026-07-23T21:09:42,42130,0,0.0,0,490,0
2026-07-23T21:09:42,45141,0,0.0,0,483,0
2026-07-23T21:09:42,48151,0,0.0,0,481,0
2026-07-23T21:09:42,51160,0,0.0,0,475,0
2026-07-23T21:09:43,54171,0,0.0,0,469,0
2026-07-23T21:09:43,57181,0,0.0,0,473,0
2026-07-23T21:09:43,60191,0,0.0,0,481,0
2026-07-23T21:09:43,63201,0,0.0,0,537,0
2026-07-23T21:09:43,66210,0,0.0,1,528,0
2026-07-23T21:09:43,69221,0,0.0,0,518,0
2026-07-23T21:09:43,72230,0,0.0,0,579,0
2026-07-23T21:09:43,75240,0,0.0,1,566,0
2026-07-23T21:09:43,78251,0,0.0,0,553,0
2026-07-23T21:09:43,3019,0,0.0,0,732,0
2026-07-23T21:09:43,6028,0,0.0,0,795,0
2026-07-23T21:09:43,9039,0,0.0,2,727,0
2026-07-23T21:09:43,12048,0,0.0,1,689,0
2026-07-23T21:09:43,15059,0,0.0,2,26680,0
2026-07-23T21:09:43,18069,0,0.0,7,26798,0
2026-07-23T21:09:43,21080,0,0.0,1,26873,0
2026-07-23T21:09:43,24089,0,0.0,0,26922,0
2026-07-23T21:09:43,27099,0,0.0,0,26973,0
2026-07-23T21:09:43,30109,0,0.0,0,27006,0
2026-07-23T21:09:43,3008,0,0.0,0,27059,0
2026-07-23T21:09:43,6018,0,0.0,0,27090,0
2026-07-23T21:09:43,9027,0,0.0,0,27117,0
2026-07-23T21:09:43,12038,0,0.0,0,27164,0
2026-07-23T21:09:43,15048,0,0.0,0,477,0
2026-07-23T21:09:43,18058,0,0.0,0,808,0
2026-07-23T21:09:43,21069,0,0.0,1,458,0
2026-07-23T21:09:43,24079,0,0.0,0,468,0
2026-07-23T21:09:43,27089,0,0.0,0,460,0
2026-07-23T21:09:43,30099,0,0.0,0,467,0
2026-07-23T21:09:43,33109,0,0.0,0,457,0
2026-07-23T21:09:43,36120,0,0.0,0,463,0
2026-07-23T21:09:43,39130,0,0.0,0,493,0
2026-07-23T21:09:43,42140,0,0.0,0,495,0
2026-07-23T21:09:43,45151,0,0.0,0,510,0
2026-07-23T21:09:43,48162,0,0.0,0,519,0
2026-07-23T21:09:43,51171,0,0.0,0,505,0
2026-07-23T21:09:43,54182,0,0.0,0,516,0
2026-07-23T21:09:43,57192,0,0.0,0,514,0
2026-07-23T21:09:43,60203,0,0.0,0,511,0
2026-07-23T21:09:43,63213,0,0.0,0,510,0
2026-07-23T21:09:43,66222,0,0.0,0,513,0
2026-07-23T21:09:43,69234,0,0.0,0,512,0
2026-07-23T21:09:43,72244,0,0.0,0,522,0
2026-07-23T21:09:44,75253,0,0.0,0,512,0
2026-07-23T21:09:44,78264,0,0.0,0,529,0
2026-07-23T21:09:44,81274,0,0.0,0,499,0
2026-07-23T21:09:44,84284,0,0.0,0,497,0
2026-07-23T21:09:44,87295,0,0.0,0,490,0
2026-07-23T21:09:44,90304,0,0.0,0,900,0
2026-07-23T21:09:44,93316,0,0.0,1,565,0
2026-07-23T21:09:44,96325,0,0.0,1,475,0
2026-07-23T21:09:44,99336,0,0.0,1,6290,0
2026-07-23T21:09:44,102346,0,0.0,0,474,0
2026-07-23T21:09:44,105357,0,0.0,1,528,0
2026-07-23T21:09:44,108368,0,0.0,1,464,0
2026-07-23T21:09:44,111377,0,0.0,0,473,0
2026-07-23T21:09:44,114389,0,0.0,0,474,0
2026-07-23T21:09:44,117398,0,0.0,0,478,0
2026-07-23T21:09:44,120408,0,0.0,0,473,0
2026-07-23T21:09:44,123419,0,0.0,0,465,0
2026-07-23T21:09:44,126429,0,0.0,0,465,0
2026-07-23T21:09:44,129440,0,0.0,0,466,0
2026-07-23T21:09:44,132450,0,0.0,0,462,0
2026-07-23T21:09:44,135460,0,0.0,0,474,0
2026-07-23T21:09:44,138469,0,0.0,0,477,0
2026-07-23T21:09:44,141481,0,0.0,0,487,0
2026-07-23T21:09:44,144490,0,0.0,0,494,0
2026-07-23T21:09:45,147500,0,0.0,0,500,0
2026-07-23T21:09:45,150512,0,0.0,0,480,0
2026-07-23T21:09:45,153522,0,0.0,0,456,0
2026-07-23T21:09:45,156531,0,0.0,1,461,0
2026-07-23T21:09:45,159543,0,0.0,0,646,0
2026-07-23T21:09:45,3001,0,0.0,0,486,0
2026-07-23T21:09:45,6012,0,0.0,0,479,0
2026-07-23T21:09:45,9022,0,0.0,0,472,0
2026-07-23T21:09:45,12032,0,0.0,0,479,0
2026-07-23T21:09:45,15042,0,0.0,0,472,0
2026-07-23T21:09:45,3001,0,0.0,0,45206,0
2026-07-23T21:09:45,6012,0,0.0,0,657,0
2026-07-23T21:09:45,9022,0,0.0,0,738,0
2026-07-23T21:09:45,12032,0,0.0,0,745,0
2026-07-23T21:09:45,15042,0,0.0,0,739,0
2026-07-23T21:09:45,18054,0,0.0,0,734,0
2026-07-23T21:09:45,21065,0,0.0,1,727,0
2026-07-23T21:09:45,24074,0,0.0,1,822,0
2026-07-23T21:09:45,27085,0,0.0,1,666,0
2026-07-23T21:09:45,30116,0,0.0,1,99524,1
2026-07-23T21:09:45,33186,0,0.0,0,1978,0
2026-07-23T21:09:47,36198,0,0.0,0,5624,0
2026-07-23T21:09:50,39248,0,0.0,0,999,0
2026-07-23T21:09:53,42278,0,0.0,0,107814,1
2026-07-23T21:09:56,45290,0,0.0,0,647,0
2026-07-23T21:09:59,48321,0,0.0,0,740,0
2026-07-23T21:10:02,51331,0,0.0,0,761,0
2026-07-23T21:10:05,54342,0,0.0,0,632,0
2026-07-23T21:10:08,57372,0,0.0,0,856,0
2026-07-23T21:10:11,60404,0,0.0,1,27730,0
2026-07-23T21:10:14,63413,0,0.0,0,36151,0
2026-07-23T21:10:17,66429,0,0.0,0,1227,0
2026-07-23T21:10:20,69475,0,0.0,0,1748,0
2026-07-23T21:10:23,72506,0,0.0,0,3346,0
2026-07-23T21:10:26,75515,0,0.0,0,5664,0
2026-07-23T21:10:29,78527,0,0.0,0,18561,0
2026-07-23T21:10:32,81537,0,0.0,0,11658,0
2026-07-23T21:10:35,84548,0,0.0,0,17524,0
2026-07-23T21:10:38,87579,0,0.0,0,8085,0
2026-07-23T21:10:42,90630,0,0.0,0,7809,0
2026-07-23T21:10:44,93631,0,0.0,0,5262,0
2026-07-23T21:10:47,96631,0,0.0,0,5992,0
2026-07-23T21:10:51,99643,0,0.0,0,6189,0
2026-07-23T21:10:54,102655,0,0.0,0,6329,0
2026-07-23T21:10:57,105706,0,0.0,0,6429,0
2026-07-23T21:11:00,108714,0,0.0,0,7350,0
2026-07-23T21:11:03,111725,0,0.0,0,7413,0
2026-07-23T21:11:06,114737,0,0.0,2,7658,0
2026-07-23T21:11:09,117759,0,0.0,0,45535,0
2026-07-23T21:11:12,120792,0,0.0,0,74776,1
2026-07-23T21:11:15,123828,0,0.0,0,72898,1
2026-07-23T21:11:18,126839,0,0.0,0,72165,1
2026-07-23T21:11:21,129871,0,0.0,0,70761,1
2026-07-23T21:11:24,132920,0,0.0,0,69699,1
